<?xml version="1.0" encoding="UTF-8" standalone="yes"?>
<addon id="plugin.video.TangFlixWizard" name="TangFlix Wizard" version="1.0.0" provider-name="TangFlix">
  <requires>
    <import addon="xbmc.python" version="2.1.0"/>
  </requires>
  <extension point="xbmc.python.pluginsource" library="default.py">
        <provides>video executable</provides>
  </extension>
  <extension point="xbmc.addon.metadata">
    <summary lang="en">TangFlix Wizard</summary>
    <description lang="en">TangFlix</description>
	<website></website>
    <platform>all</platform>
  </extension>
</addon>
